,balance,holdings,portfolio,return,buy_and_hold
0,10000.0,0,10000.0,,
1,9189.791793823242,4,10076.109664916992,0.007610966491699219,0.19161386786879786
