,balance,holdings,portfolio,return,buy_and_hold
0,10000.0,0,10000.0,,
1,9550.009216308594,2,9993.168151855469,-0.000683184814453125,0.19161386786879786
