,balance,holdings,portfolio,return,buy_and_hold
0,10000.0,0,10000.0,,
1,9992.997253417969,0,9992.997253417969,-0.000700274658203125,0.19161386786879786
