,balance,holdings,portfolio,return,buy_and_hold
0,10000.0,0,10000.0,,
1,6048.063232421875,21,10701.232055664062,0.07012320556640625,0.19161386786879786
