,balance,holdings,portfolio,return,buy_and_hold
0,10000.0,0,10000.0,,
1,10212.655502319336,0,10212.655502319336,0.021265550231933595,0.19161386786879786
