,balance,holdings,portfolio,return,buy_and_hold
0,10000.0,0,10000.0,,
1,9041.298431396484,6,10370.77523803711,0.03707752380371094,0.19161386786879786
