,balance,holdings,portfolio,return,buy_and_hold
0,10000.0,0,10000.0,,
1,5549.9022216796875,23,10646.22998046875,0.064622998046875,0.19161386786879786
