,balance,holdings,portfolio,return,buy_and_hold
0,10000.0,0,10000.0,,
1,8554.759384155273,8,10327.395126342773,0.032739512634277344,0.19161386786879786
