,balance,holdings,portfolio,return,buy_and_hold
0,10000.0,0,10000.0,,
1,6680.1968994140625,17,10447.0478515625,0.04470478515625,0.19161386786879786
