,balance,holdings,portfolio,return,buy_and_hold
0,10000.0,0,10000.0,,
1,9116.1416015625,4,10002.45947265625,0.000245947265625,0.19161386786879786
