,balance,holdings,portfolio,return,buy_and_hold
0,10000.0,0,10000.0,,
1,4544.809997558594,28,11042.770202636719,0.10427702026367187,0.22879385033475858
