,balance,holdings,portfolio,return,buy_and_hold
0,10000.0,0,10000.0,,
1,9944.239959716797,0,9944.239959716797,-0.005576004028320312,0.22879385033475858
