,balance,holdings,portfolio,return,buy_and_hold
0,10000.0,0,10000.0,,
1,9920.499954223633,0,9920.499954223633,-0.007950004577636718,0.22879385033475858
