,balance,holdings,portfolio,return,buy_and_hold
0,10000.0,0,10000.0,,
1,10145.799987792969,0,10145.799987792969,0.014579998779296876,0.22879385033475858
