,balance,holdings,portfolio,return,buy_and_hold
0,10000.0,0,10000.0,,
1,13.459976196289062,44,17815.860244750977,0.7815860244750976,0.8657198421321157
