,balance,holdings,portfolio,return,buy_and_hold
0,10000.0,0,10000.0,,
1,8760.210006713867,5,9920.560043334961,-0.007943995666503906,0.22879385033475858
