,balance,holdings,portfolio,return,buy_and_hold
0,10000.0,0,10000.0,,
1,4257.210052490234,30,11219.310272216797,0.12193102722167969,0.22879385033475858
