,balance,holdings,portfolio,return,buy_and_hold
0,10000.0,0,10000.0,,
1,8646.920013427734,6,10039.340057373047,0.003934005737304688,0.22879385033475858
