,balance,holdings,portfolio,return,buy_and_hold
0,10000.0,0,10000.0,,
1,7231.3599853515625,16,10944.480102539062,0.09444801025390626,0.22879385033475858
