,balance,holdings,portfolio,return,buy_and_hold
0,10000.0,0,10000.0,,
1,4591.880035400391,30,11553.980255126953,0.15539802551269533,0.22879385033475858
