,balance,holdings,portfolio,return,buy_and_hold
0,10000.0,0,10000.0,,
1,7107.920013427734,13,10124.830108642578,0.012483010864257812,0.22879385033475858
