,balance,holdings,portfolio,return,buy_and_hold
0,10000.0,0,10000.0,,
1,1518.0455017089844,52,10499.818817138672,0.049981881713867186,0.2146802088042494
