,balance,holdings,portfolio,return,buy_and_hold
0,10000.0,0,10000.0,,
1,3.3753204345703125,61,12544.975692749023,0.25449756927490236,0.19515346546289772
