,balance,holdings,portfolio,return,buy_and_hold
0,10000.0,0,10000.0,,
1,8808.282791137695,7,10017.367660522461,0.0017367660522460938,0.2146802088042494
