,balance,holdings,portfolio,return,buy_and_hold
0,10000.0,0,10000.0,,
1,5077.93896484375,28,9914.278442382812,-0.00857215576171875,0.2146802088042494
