,balance,holdings,portfolio,return,buy_and_hold
0,10000.0,0,10000.0,,
1,133.4553680419922,59,10324.313552856445,0.03243135528564453,0.2146802088042494
