,balance,holdings,portfolio,return,buy_and_hold
0,10000.0,0,10000.0,,
1,9371.351867675781,4,10062.257507324219,0.006225750732421875,0.2146802088042494
