,balance,holdings,portfolio,return,buy_and_hold
0,10000.0,0,10000.0,,
1,9451.317077636719,4,10142.222717285156,0.014222271728515624,0.2146802088042494
