,balance,holdings,portfolio,return,buy_and_hold
0,10000.0,0,10000.0,,
1,7960.260818481445,12,10032.977737426758,0.003297773742675781,0.2146802088042494
