,balance,holdings,portfolio,return,buy_and_hold
0,10000.0,0,10000.0,,
1,9689.218215942383,2,10034.671035766602,0.0034671035766601563,0.2146802088042494
