,balance,holdings,portfolio,return,buy_and_hold
0,10000.0,0,10000.0,,
1,9161.685668945312,5,10025.31771850586,0.0025317718505859376,0.2146802088042494
