,balance,holdings,portfolio,return,buy_and_hold
0,10000.0,0,10000.0,,
1,9703.8681640625,2,10049.320983886719,0.004932098388671875,0.2146802088042494
