,balance,holdings,portfolio,return,buy_and_hold
0,10000.0,0,10000.0,,
1,8308.901092529297,4,10204.881561279297,0.020488156127929688,0.20524277166529423
