,balance,holdings,portfolio,return,buy_and_hold
0,10000.0,0,10000.0,,
1,8089.458160400391,4,9985.43862915039,-0.0014561370849609375,0.20524277166529423
