,balance,holdings,portfolio,return,buy_and_hold
0,10000.0,0,10000.0,,
1,5250.342742919922,10,9990.293914794922,-0.0009706085205078125,0.20524277166529423
