,balance,holdings,portfolio,return,buy_and_hold
0,10000.0,0,10000.0,,
1,5537.264068603516,9,9803.220123291016,-0.01967798767089844,0.20524277166529423
