,balance,holdings,portfolio,return,buy_and_hold
0,10000.0,0,10000.0,,
1,753.3861999511719,19,9759.293426513672,-0.024070657348632812,0.20524277166529423
