,balance,holdings,portfolio,return,buy_and_hold
0,10000.0,0,10000.0,,
1,6312.405059814453,8,10104.365997314453,0.010436599731445312,0.20524277166529423
