,balance,holdings,portfolio,return,buy_and_hold
0,10000.0,0,10000.0,,
1,252.88229370117188,20,9732.784637451172,-0.026721536254882813,0.20524277166529423
