,balance,holdings,portfolio,return,buy_and_hold
0,10000.0,0,10000.0,,
1,123.227294921875,20,9603.129638671875,-0.0396870361328125,0.20524277166529423
