,balance,holdings,portfolio,return,buy_and_hold
0,10000.0,0,10000.0,,
1,8884.003204345703,2,9831.993438720703,-0.01680065612792969,0.20524277166529423
