,balance,holdings,portfolio,return,buy_and_hold
0,10000.0,0,10000.0,,
1,4138.408538818359,12,9826.34994506836,-0.01736500549316406,0.20524277166529423
