,balance,holdings,portfolio,return,buy_and_hold
0,10000.0,0,10000.0,,
1,7085.675872802734,6,10517.25912475586,0.05172591247558594,0.1454137264068463
