,balance,holdings,portfolio,return,buy_and_hold
0,10000.0,0,10000.0,,
1,207.6212158203125,20,11646.232055664062,0.16462320556640625,0.1454137264068463
