,balance,holdings,portfolio,return,buy_and_hold
0,10000.0,0,10000.0,,
1,3345.6932678222656,13,10780.790313720703,0.07807903137207031,0.1454137264068463
