,balance,holdings,portfolio,return,buy_and_hold
0,10000.0,0,10000.0,,
1,454.13824462890625,19,11320.818542480469,0.1320818542480469,0.1454137264068463
