,balance,holdings,portfolio,return,buy_and_hold
0,10000.0,0,10000.0,,
1,6850.616149902344,7,10854.129943847656,0.08541299438476563,0.1454137264068463
