,balance,holdings,portfolio,return,buy_and_hold
0,10000.0,0,10000.0,,
1,5537.802307128906,9,10685.177185058594,0.06851771850585937,0.1454137264068463
