,balance,holdings,portfolio,return,buy_and_hold
0,10000.0,0,10000.0,,
1,133.34912109375,20,11571.9599609375,0.15719599609375,0.1454137264068463
