,balance,holdings,portfolio,return,buy_and_hold
0,10000.0,0,10000.0,,
1,9436.398864746094,1,10008.329406738281,0.000832940673828125,0.1454137264068463
