,balance,holdings,portfolio,return,buy_and_hold
0,10000.0,0,10000.0,,
1,10092.2529296875,0,10092.2529296875,0.00922529296875,0.1454137264068463
