,balance,holdings,portfolio,return,buy_and_hold
0,10000.0,0,10000.0,,
1,225.274658203125,17,9447.6044921875,-0.05523955078125,-0.04586180955014591
