,balance,holdings,portfolio,return,buy_and_hold
0,10000.0,0,10000.0,,
1,4870.716094970703,10,10590.021514892578,0.05900215148925781,0.1454137264068463
