,balance,holdings,portfolio,return,buy_and_hold
0,10000.0,0,10000.0,,
1,6309.438293457031,22,10074.002319335938,0.00740023193359375,0.21661122229879032
