,balance,holdings,portfolio,return,buy_and_hold
0,10000.0,0,10000.0,,
1,8537.743041992188,9,10077.791961669922,0.007779196166992188,0.21661122229879032
