,balance,holdings,portfolio,return,buy_and_hold
0,10000.0,0,10000.0,,
1,9999.74057006836,0,9999.74057006836,-2.59429931640625e-05,0.21661122229879032
