,balance,holdings,portfolio,return,buy_and_hold
0,10000.0,0,10000.0,,
1,8386.252380371094,9,9926.301300048828,-0.007369869995117188,0.21661122229879032
