,balance,holdings,portfolio,return,buy_and_hold
0,10000.0,0,10000.0,,
1,9957.845626831055,1,10128.962173461914,0.012896217346191407,0.21661122229879032
