,balance,holdings,portfolio,return,buy_and_hold
0,10000.0,0,10000.0,,
1,10034.71028137207,0,10034.71028137207,0.0034710281372070315,0.21661122229879032
