,balance,holdings,portfolio,return,buy_and_hold
0,10000.0,0,10000.0,,
1,8141.497406005859,11,10023.779418945312,0.00237794189453125,0.21661122229879032
