,balance,holdings,portfolio,return,buy_and_hold
0,10000.0,0,10000.0,,
1,9687.450317382812,2,10029.683410644531,0.002968341064453125,0.21661122229879032
