,balance,holdings,portfolio,return,buy_and_hold
0,10000.0,0,10000.0,,
1,9698.550262451172,2,10040.78335571289,0.004078335571289063,0.21661122229879032
