,balance,holdings,portfolio,return,buy_and_hold
0,10000.0,0,10000.0,,
1,9035.723663330078,6,10062.422943115234,0.006242294311523438,0.21661122229879032
