,balance,holdings,portfolio,return,buy_and_hold
0,10000.0,0,10000.0,,
1,9326.131980895996,7,10145.14543914795,0.014514543914794922,0.856904088260022
