,balance,holdings,portfolio,return,buy_and_hold
0,10000.0,0,10000.0,,
1,5904.152687072754,43,10935.235359191895,0.09352353591918945,0.856904088260022
