,balance,holdings,portfolio,return,buy_and_hold
0,10000.0,0,10000.0,,
1,9945.620162963867,1,10062.622085571289,0.006262208557128906,0.856904088260022
