,balance,holdings,portfolio,return,buy_and_hold
0,10000.0,0,10000.0,,
1,7362.101768493652,27,10521.153678894043,0.052115367889404296,0.856904088260022
