,balance,holdings,portfolio,return,buy_and_hold
0,10000.0,0,10000.0,,
1,6457.289375305176,37,10786.360511779785,0.07863605117797852,0.856904088260022
