,balance,holdings,portfolio,return,buy_and_hold
0,10000.0,0,10000.0,,
1,9898.597328186035,1,10015.599250793457,0.0015599250793457032,0.856904088260022
