,balance,holdings,portfolio,return,buy_and_hold
0,10000.0,0,10000.0,,
1,6177.043891906738,37,10506.115028381348,0.050611502838134766,0.856904088260022
