,balance,holdings,portfolio,return,buy_and_hold
0,10000.0,0,10000.0,,
1,8820.745796203613,12,10224.768867492676,0.022476886749267577,0.856904088260022
