,balance,holdings,portfolio,return,buy_and_hold
0,10000.0,0,10000.0,,
1,9295.750450134277,6,9997.761985778809,-0.00022380142211914062,0.856904088260022
