,balance,holdings,portfolio,return,buy_and_hold
0,10000.0,0,10000.0,,
1,9802.144554138184,3,10153.15032196045,0.015315032196044923,0.856904088260022
