,balance,holdings,portfolio,return,buy_and_hold
0,10000.0,0,10000.0,,
1,8316.890029907227,9,9999.709991455078,-2.90008544921875e-05,0.17390756630168067
