,balance,holdings,portfolio,return,buy_and_hold
0,10000.0,0,10000.0,,
1,9499.15005493164,3,10060.090042114258,0.0060090042114257815,0.17390756630168067
