,balance,holdings,portfolio,return,buy_and_hold
0,10000.0,0,10000.0,,
1,6662.219985961914,18,10027.859909057617,0.0027859909057617186,0.17390756630168067
