,balance,holdings,portfolio,return,buy_and_hold
0,10000.0,0,10000.0,,
1,9861.889999389648,1,10048.869995117188,0.00488699951171875,0.17390756630168067
