,balance,holdings,portfolio,return,buy_and_hold
0,10000.0,0,10000.0,,
1,8354.190032958984,9,10037.009994506836,0.0037009994506835937,0.17390756630168067
