,balance,holdings,portfolio,return,buy_and_hold
0,10000.0,0,10000.0,,
1,8972.68000793457,6,10094.559982299805,0.009455998229980469,0.17390756630168067
