,balance,holdings,portfolio,return,buy_and_hold
0,10000.0,0,10000.0,,
1,6609.65998840332,19,10162.279907226562,0.01622799072265625,0.17390756630168067
