,balance,holdings,portfolio,return,buy_and_hold
0,10000.0,0,10000.0,,
1,8811.770004272461,7,10120.629974365234,0.012062997436523438,0.17390756630168067
