,balance,holdings,portfolio,return,buy_and_hold
0,10000.0,0,10000.0,,
1,10040.660049438477,0,10040.660049438477,0.004066004943847656,0.17390756630168067
