,balance,holdings,portfolio,return,buy_and_hold
0,10000.0,0,10000.0,,
1,5017.179992675781,27,10065.639877319336,0.006563987731933594,0.17390756630168067
