,balance,holdings,portfolio,return,buy_and_hold
0,10000.0,0,10000.0,,
1,95.22769165039062,24,10056.66763305664,0.005666763305664063,-0.001125806632851095
