,balance,holdings,portfolio,return,buy_and_hold
0,10000.0,0,10000.0,,
1,8355.689239501953,4,10022.741729736328,0.0022741729736328125,0.03987228369272581
