,balance,holdings,portfolio,return,buy_and_hold
0,10000.0,0,10000.0,,
1,5710.135528564453,10,9877.76675415039,-0.012223324584960938,0.03987228369272581
