,balance,holdings,portfolio,return,buy_and_hold
0,10000.0,0,10000.0,,
1,7142.601348876953,7,10059.94320678711,0.005994320678710937,0.03987228369272581
