,balance,holdings,portfolio,return,buy_and_hold
0,10000.0,0,10000.0,,
1,533.885009765625,23,10119.436828613281,0.011943682861328126,0.03987228369272581
