,balance,holdings,portfolio,return,buy_and_hold
0,10000.0,0,10000.0,,
1,8023.038269042969,5,10106.853881835938,0.01068538818359375,0.03987228369272581
