,balance,holdings,portfolio,return,buy_and_hold
0,10000.0,0,10000.0,,
1,7186.073699951172,7,10103.415557861328,0.010341555786132812,0.03987228369272581
