,balance,holdings,portfolio,return,buy_and_hold
0,10000.0,0,10000.0,,
1,1469.6260070800781,21,10221.651580810547,0.022165158081054688,0.03987228369272581
