,balance,holdings,portfolio,return,buy_and_hold
0,10000.0,0,10000.0,,
1,23.44744873046875,24,10025.762390136719,0.002576239013671875,0.03987228369272581
