,balance,holdings,portfolio,return,buy_and_hold
0,10000.0,0,10000.0,,
1,8321.412200927734,4,9988.46469116211,-0.0011535308837890626,0.03987228369272581
