,balance,holdings,portfolio,return,buy_and_hold
0,10000.0,0,10000.0,,
1,8324.948760986328,4,9992.001251220703,-0.0007998748779296875,0.03987228369272581
