,balance,holdings,portfolio,return,buy_and_hold
0,10000.0,0,10000.0,,
1,190.80996704101562,24,10714.809967041016,0.07148099670410156,0.13471689584332647
