,balance,holdings,portfolio,return,buy_and_hold
0,10000.0,0,10000.0,,
1,6247.190002441406,9,10193.690002441406,0.019369000244140625,0.13471689584332647
