,balance,holdings,portfolio,return,buy_and_hold
0,10000.0,0,10000.0,,
1,9596.230041503906,1,10034.730041503906,0.003473004150390625,0.13471689584332647
