,balance,holdings,portfolio,return,buy_and_hold
0,10000.0,0,10000.0,,
1,2922.3800659179688,17,10376.880065917969,0.03768800659179688,0.13471689584332647
