,balance,holdings,portfolio,return,buy_and_hold
0,10000.0,0,10000.0,,
1,1787.9999694824219,20,10557.999969482422,0.05579999694824219,0.13471689584332647
