,balance,holdings,portfolio,return,buy_and_hold
0,10000.0,0,10000.0,,
1,40.679962158203125,22,10351.42025756836,0.035142025756835935,0.08536165461092403
