,balance,holdings,portfolio,return,buy_and_hold
0,10000.0,0,10000.0,,
1,5925.290008544922,10,10310.290008544922,0.031029000854492186,0.13471689584332647
