,balance,holdings,portfolio,return,buy_and_hold
0,10000.0,0,10000.0,,
1,2540.739990234375,18,10433.739990234375,0.0433739990234375,0.13471689584332647
