,balance,holdings,portfolio,return,buy_and_hold
0,10000.0,0,10000.0,,
1,8918.750030517578,3,10234.250030517578,0.023425003051757813,0.13471689584332647
