,balance,holdings,portfolio,return,buy_and_hold
0,10000.0,0,10000.0,,
1,6446.019927978516,9,10392.519927978516,0.03925199279785156,0.13471689584332647
