,balance,holdings,portfolio,return,buy_and_hold
0,10000.0,0,10000.0,,
1,7963.6400146484375,5,10156.140014648438,0.01561400146484375,0.13471689584332647
